Group 1,Group 2,H,p-value,q-value
negative (n=35),positive (n=42),8.030245944531657,0.004600259256326994,0.004600259256326994
