featureid	rab.all	rab.win.1.negative	rab.win.2.asymptomatic	diff.btw	diff.win	effect	overlap	we.ep	we.eBH	wi.ep	wi.eBH
#q2:types	numeric	numeric	numeric	numeric	numeric	numeric	numeric	numeric	numeric	numeric	numeric
k__Bacteria;p__Firmicutes;c__Clostridia;o__Clostridiales;f__[Mogibacteriaceae]	4.87548236989457	6.31825038542839	0.492380456118831	-4.67869525547373	5.46947500601632	-0.747805695020507	0.192276116613665	0.000880974307227678	0.0378899044786166	0.000330367645614738	0.0253383777594477
k__Bacteria;p__Proteobacteria;c__Gammaproteobacteria;o__Pseudomonadales;f__Moraxellaceae	1.80367961566676	-0.620512469288306	6.68891881064825	6.31704824055327	6.50906977691964	0.840546539360828	0.203125025841121	0.0017779595814334	0.0335596322237851	0.000806168424468277	0.0281521625968444
